property_url,mls,mls_id,status,style,street,unit,city,state,zip_code,beds,full_baths,half_baths,sqft,year_built,list_price,list_date,sold_price,last_sold_date,lot_sqft,price_per_sqft,latitude,longitude,stories,hoa_fee,parking_garage,distance_miles,transit_stop,transit_type,stop_lat,stop_lon,search_location
https://www.realtor.com/realestateandhomes-detail/9648389248,HCNJ,250008721,FOR_SALE,CONDOS,119 Clendenny Ave,Apt 2R,Jersey City,NJ,07304,1,1,,535,,219000,2025-05-02,,,,409,40.718746,-74.082741,2,255,,0.02869910924385788,WEST SIDE AVE AT CLENDENNY AVE,bus,40.71913,-74.082951,"Jersey City, NJ"
https://www.realtor.com/realestateandhomes-detail/6567184794,HCNJ,250010305,FOR_SALE,MULTI_FAMILY,104 Clendenny Ave,,Jersey City,NJ,07304,2,2,,,,489000,2025-05-22,150000,2012-08-24,1875,,40.718734,-74.081875,2,,,0.06275227583143692,WEST SIDE AVE AT CLENDENNY AVE,bus,40.71913,-74.082951,"Jersey City, NJ"
https://www.realtor.com/realestateandhomes-detail/6586751613,HCNJ,250007054,FOR_SALE,MULTI_FAMILY,51 Sherman Pl,,Jersey City,NJ,07307,6,3,,,,1100000,2025-04-10,565000,2006-01-26,1875,,40.744514,-74.053171,,,,0.0704803840977788,SUMMIT AVE AT MANHATTAN AVE,bus,40.743688,-74.053961,"Jersey City, NJ"
https://www.realtor.com/realestateandhomes-detail/6647288014,HCNJ,250006829,FOR_SALE,MULTI_FAMILY,98 Clendenny Ave,,Jersey City,NJ,07304,4,3,,,,639000,2025-04-08,192000,2011-09-19,2500,,40.718606,-74.081622,,,,0.07858544742875855,WEST SIDE AVE AT CLENDENNY AVE,bus,40.71913,-74.082951,"Jersey City, NJ"
https://www.realtor.com/realestateandhomes-detail/9801951441,HCNJ,250008063,FOR_SALE,CONDOS,77 Sherman Pl,Apt 1,Jersey City,NJ,07307,2,1,,748,,299000,2025-04-25,,,,400,40.744892,-74.054459,,388,,0.08709309119622943,SUMMIT AVE AT MANHATTAN AVE,bus,40.743688,-74.053961,"Jersey City, NJ"
https://www.realtor.com/realestateandhomes-detail/5215356402,HCNJ,250009487,FOR_SALE,CONDOS,77 Sherman Pl,Apt 5,Jersey City,NJ,07307,1,1,,648,,345000,2025-05-13,,,,532,40.744902,-74.054456,2,384,,0.08770479671714984,SUMMIT AVE AT MANHATTAN AVE,bus,40.743688,-74.053961,"Jersey City, NJ"
https://www.realtor.com/realestateandhomes-detail/5555870910,BCNJ,25014132,FOR_SALE,MULTI_FAMILY,54 Montrose Ave,,Jersey City,NJ,07307,14,6,,,,1599000,2025-04-30,1250000,2022-03-10,,,40.744204,-74.055698,,,,0.09786616881374377,SUMMIT AVE AT MANHATTAN AVE,bus,40.743688,-74.053961,"Jersey City, NJ"
https://www.realtor.com/realestateandhomes-detail/6314592904,GSNJ,3958249,FOR_SALE,MULTI_FAMILY,20 Roosevelt Ave,,Jersey City,NJ,07304,5,2,,1972,1950,675000,2025-04-23,110000,1985-11-08,2614,342,40.720654,-74.08252,,,,0.10756642066047754,WEST SIDE AVE AT CLENDENNY AVE,bus,40.71913,-74.082951,"Jersey City, NJ"
https://www.realtor.com/realestateandhomes-detail/5080849582,HCNJ,250006499,FOR_SALE,MULTI_FAMILY,570 Side Ave,,Jersey City,NJ,07304,6,2,1,,,849900,2025-04-03,349900,2016-03-28,1555,,40.720369,-74.08149,,,,0.11485850805476522,WEST SIDE AVE AT CLENDENNY AVE,bus,40.71913,-74.082951,"Jersey City, NJ"
https://www.realtor.com/realestateandhomes-detail/6710055233,HCNJ,250009616,FOR_SALE,MULTI_FAMILY,74 Sherman Pl,,Jersey City,NJ,07307,6,1,2,,,2895000,2025-05-14,1,2006-11-08,11774,,40.745415,-74.053956,,,3,0.11916783624292603,SUMMIT AVE AT MANHATTAN AVE,bus,40.743688,-74.053961,"Jersey City, NJ"
https://www.realtor.com/realestateandhomes-detail/6079062151,HCNJ,250005727,FOR_SALE,MULTI_FAMILY,93 Sherman Pl,,Jersey City,NJ,07307,4,3,,,,1999000,2025-03-25,312500,2003-09-04,7275,,40.74519,-74.055158,,,3,0.12119370484306682,SUMMIT AVE AT MANHATTAN AVE,bus,40.743688,-74.053961,"Jersey City, NJ"
https://www.realtor.com/realestateandhomes-detail/9739967831,HCNJ,250008848,FOR_SALE,MULTI_FAMILY,29 Carlton Ave,Units 1 & 2,Jersey City,NJ,07307,6,4,,,,2099000,2025-05-05,,,5025,,40.742596,-74.055908,2,,2,0.12696002836093914,SUMMIT AVE AT MANHATTAN AVE,bus,40.743688,-74.053961,"Jersey City, NJ"
https://www.realtor.com/realestateandhomes-detail/5235385914,HCNJ,250005660,FOR_SALE,SINGLE_FAMILY,657 Palisade Ave,,Jersey City,NJ,07307,3,1,,,,649000,2025-03-25,140000,2002-08-07,1710,,40.750988,-74.04013,,,,0.13258124155999595,NEW YORK AVE AT 2ND ST,bus,40.752909,-74.040181,"Jersey City, NJ"
https://www.realtor.com/realestateandhomes-detail/6840743745,BCNJ,25014507,FOR_SALE,SINGLE_FAMILY,372 Webster Ave,,Jersey City,NJ,07307,3,3,1,,,1600000,2025-05-01,,,,,40.750991,-74.041573,,,1,0.15116654184794506,NEW YORK AVE AT 2ND ST,bus,40.752909,-74.040181,"Jersey City, NJ"
https://www.realtor.com/realestateandhomes-detail/6927003182,HCNJ,250008922,FOR_SALE,CONDOS,344 Paterson Plank Rd,Apt 1,Jersey City,NJ,07307,2,1,,1282,,559000,2025-05-06,425000,2019-10-30,,436,40.750705,-74.039104,2,313,,0.16224339263701285,NEW YORK AVE AT 2ND ST,bus,40.752909,-74.040181,"Jersey City, NJ"
https://www.realtor.com/realestateandhomes-detail/5264041314,HCNJ,250007384,FOR_SALE,SINGLE_FAMILY,367 Webster Ave,,Jersey City,NJ,07307,3,1,1,,,950000,2025-04-15,,,3000,,40.751079,-74.042241,2,,,0.16622424552438175,NEW YORK AVE AT 2ND ST,bus,40.752909,-74.040181,"Jersey City, NJ"
https://www.realtor.com/realestateandhomes-detail/5322476421,HCNJ,250008214,FOR_SALE,CONDOS,787 Summit Ave,Apt 16,Jersey City,NJ,07307,2,1,,811,,420000,2025-04-28,308000,2021-03-25,,518,40.741576,-74.055656,2,567,,0.1707384104993489,SUMMIT AVE AT MANHATTAN AVE,bus,40.743688,-74.053961,"Jersey City, NJ"
https://www.realtor.com/realestateandhomes-detail/9598276153,HCNJ,250007385,FOR_SALE,LAND,365 Webster Ave,,Jersey City,NJ,07307,,,,,,750000,2025-04-15,,,2000,,40.751018,-74.042281,,,,0.17079066040660082,NEW YORK AVE AT 2ND ST,bus,40.752909,-74.040181,"Jersey City, NJ"
https://www.realtor.com/realestateandhomes-detail/9461424266,HCNJ,250008261,FOR_SALE,CONDOS,179 Manhattan Ave,Apt 7D,Jersey City,NJ,07307,1,1,,481,,275000,2025-04-28,,,,572,40.744812,-74.056931,2,179,,0.174098126057052,SUMMIT AVE AT MANHATTAN AVE,bus,40.743688,-74.053961,"Jersey City, NJ"
https://www.realtor.com/realestateandhomes-detail/5058973130,HCNJ,250005571,FOR_SALE,MULTI_FAMILY,86 Sanford Pl,,Jersey City,NJ,07307,5,3,,,,1100000,2025-03-24,575000,2018-02-20,2468,,40.746108,-74.055522,,,,0.1859989400065766,SUMMIT AVE AT MANHATTAN AVE,bus,40.743688,-74.053961,"Jersey City, NJ"
https://www.realtor.com/realestateandhomes-detail/9208472821,GSNJ,3953511,FOR_SALE,SINGLE_FAMILY,86 Sanford Pl,Unit 2,Jersey City,NJ,07307,5,3,,,1970,1100000,2025-03-28,,,2614,,40.746117,-74.055534,,0,,0.18683408273713142,SUMMIT AVE AT MANHATTAN AVE,bus,40.743688,-74.053961,"Jersey City, NJ"
https://www.realtor.com/realestateandhomes-detail/9612798475,HCNJ,250006673,FOR_SALE,CONDOS,2271 Kennedy Blvd,Apt 406,Jersey City,NJ,07304,1,1,,465,,154000,2025-04-06,,,,331,40.716412,-74.081711,,261,,0.19852611382867844,WEST SIDE AVE AT CLENDENNY AVE,bus,40.71913,-74.082951,"Jersey City, NJ"
https://www.realtor.com/realestateandhomes-detail/5628535185,HCNJ,250010220,FOR_SALE,CONDOS,277 Harrison Ave,Apt B3,Jersey City,NJ,07304,1,1,,589,,235000,2025-05-21,,,,399,40.721153,-74.080254,2,425,,0.19883169916406152,WEST SIDE AVE AT CLENDENNY AVE,bus,40.71913,-74.082951,"Jersey City, NJ"
https://www.realtor.com/realestateandhomes-detail/6720143635,HCNJ,250006240,FOR_SALE,MULTI_FAMILY,40 Manhattan Ave,,Jersey City,NJ,07307,4,2,,,,849000,2025-04-01,180000,2012-07-20,2575,,40.7424,-74.05042,,,,0.20599626081756378,SUMMIT AVE AT MANHATTAN AVE,bus,40.743688,-74.053961,"Jersey City, NJ"
https://www.realtor.com/realestateandhomes-detail/9182934936,BCNJ,25016301,FOR_SALE,MULTI_FAMILY,23 Cambridge Ave,,Jersey City,NJ,07307,7,5,,,,1425000,2025-05-16,,,,,40.743736,-74.049927,,,2,0.21173489862872136,SUMMIT AVE AT MANHATTAN AVE,bus,40.743688,-74.053961,"Jersey City, NJ"
https://www.realtor.com/realestateandhomes-detail/6248257293,HCNJ,250009374,FOR_SALE,CONDOS,101 Zabriskie St,Apt 2,Jersey City,NJ,07307,2,2,,705,,425000,2025-05-12,70000,2012-12-05,,603,40.746966,-74.05432,,,,0.2269739447917957,SUMMIT AVE AT MANHATTAN AVE,bus,40.743688,-74.053961,"Jersey City, NJ"
https://www.realtor.com/realestateandhomes-detail/6298944541,HCNJ,250007591,FOR_SALE,MULTI_FAMILY,310 Virginia Ave,,Jersey City,NJ,07304,4,2,,,,529000,2025-04-17,,,3339,,40.717891,-74.086984,,,1,0.22834512811805924,WEST SIDE AVE AT CLENDENNY AVE,bus,40.71913,-74.082951,"Jersey City, NJ"
https://www.realtor.com/realestateandhomes-detail/6987714325,HCNJ,250008620,FOR_SALE,MULTI_FAMILY,30 Manhattan Ave,,Jersey City,NJ,07307,4,2,,,,825000,2025-05-01,400000,2017-04-10,,,40.742233,-74.050026,2,,,0.22962718992617395,SUMMIT AVE AT MANHATTAN AVE,bus,40.743688,-74.053961,"Jersey City, NJ"
https://www.realtor.com/realestateandhomes-detail/9656716085,MONJ,22514052,FOR_SALE,CONDOS,103 Ferry St,Apt 2L,Jersey City,NJ,07307,2,2,,926,,599000,2025-05-14,,,2614,647,40.741356,-74.050797,2,204,,0.23122944277299637,SUMMIT AVE AT MANHATTAN AVE,bus,40.743688,-74.053961,"Jersey City, NJ"
https://www.realtor.com/realestateandhomes-detail/6236909861,MONJ,22511839,FOR_SALE,MULTI_FAMILY,87 Union St,,Newark,NJ,07105,4,3,,1522,1857,659900,2025-04-25,469900,2021-11-30,4761108,434,40.730862,-74.164636,2,0,,0.23181932180428302,NEWARK PENN STATION,rail,40.734221,-74.164554,"Newark, NJ"
https://www.realtor.com/realestateandhomes-detail/9403496275,HCNJ,250008731,FOR_SALE,CONDOS,20 Zabriskie St,Unit 1,Jersey City,NJ,07307,3,2,1,1600,,1199000,2025-05-02,,,,749,40.745876,-74.050583,,,,0.23285608555189308,SUMMIT AVE AT MANHATTAN AVE,bus,40.743688,-74.053961,"Jersey City, NJ"
https://www.realtor.com/realestateandhomes-detail/9515082012,HCNJ,250008522,FOR_SALE,MULTI_FAMILY,20 Zabriskie St,,Jersey City,NJ,07307,6,4,2,,,2099000,2025-05-01,,,,,40.745876,-74.050583,,,2,0.23285608555189308,SUMMIT AVE AT MANHATTAN AVE,bus,40.743688,-74.053961,"Jersey City, NJ"
https://www.realtor.com/realestateandhomes-detail/6080053657,HCNJ,250007843,FOR_SALE,CONDOS,270 Harrison Ave,Apt 209,Jersey City,NJ,07304,1,1,,578,,240000,2025-04-23,919726,2007-09-21,,415,40.72142,-74.079682,2,521,,0.2332866511066992,WEST SIDE AVE AT CLENDENNY AVE,bus,40.71913,-74.082951,"Jersey City, NJ"
https://www.realtor.com/realestateandhomes-detail/6878594570,HCNJ,250009575,FOR_SALE,SINGLE_FAMILY,22 Belvidere Ave,,Jersey City,NJ,07304,3,2,2,,,849000,2025-05-14,340000,2019-10-29,2900,,40.722512,-74.082943,,,1,0.23336632047754197,WEST SIDE AVE AT CLENDENNY AVE,bus,40.71913,-74.082951,"Jersey City, NJ"
https://www.realtor.com/realestateandhomes-detail/6956268167,HCNJ,250006343,FOR_SALE,MULTI_FAMILY,22 Zabriskie St,,Jersey City,NJ,07307,7,3,,,,1100000,2025-04-02,875000,2022-05-03,2500,,40.745929,-74.05063,,,2,0.23339053820931147,SUMMIT AVE AT MANHATTAN AVE,bus,40.743688,-74.053961,"Jersey City, NJ"
https://www.realtor.com/realestateandhomes-detail/9987878266,HCNJ,250010302,FOR_SALE,CONDOS,247 Harrison Ave,Unit 2,Jersey City,NJ,07304,3,2,,2119,,800000,2025-05-22,,,,378,40.720692,-74.078964,,,,0.23543676353069784,WEST SIDE AVE AT CLENDENNY AVE,bus,40.71913,-74.082951,"Jersey City, NJ"
https://www.realtor.com/realestateandhomes-detail/9222814671,BCNJ,25009859,FOR_SALE,CONDOS,28 Cambridge Ave,Unit 2,Jersey City,NJ,07307,3,2,,,,1025000,2025-04-02,,,,,40.743694,-74.049438,,,1,0.23737271358584175,SUMMIT AVE AT MANHATTAN AVE,bus,40.743688,-74.053961,"Jersey City, NJ"
https://www.realtor.com/realestateandhomes-detail/9754774858,HCNJ,250006302,FOR_SALE,CONDOS,28 Cambridge Ave,Unit 1,Jersey City,NJ,07307,3,2,1,1601,,1075000,2025-04-02,,,,671,40.743694,-74.049438,,205,,0.23737271358584175,SUMMIT AVE AT MANHATTAN AVE,bus,40.743688,-74.053961,"Jersey City, NJ"
https://www.realtor.com/realestateandhomes-detail/9932167485,HCNJ,250006678,FOR_SALE,CONDOS,160 Central Ave,Unit 1,Jersey City,NJ,07307,3,2,,1300,,1149000,2025-04-07,,,,884,40.74028,-74.05304,,,,0.24007715728278778,SUMMIT AVE AT MANHATTAN AVE,bus,40.743688,-74.053961,"Jersey City, NJ"
https://www.realtor.com/realestateandhomes-detail/9206552965,HCNJ,250006679,FOR_SALE,CONDOS,160 Central Ave,Unit 2,Jersey City,NJ,07307,3,2,,1350,,1149000,2025-04-07,,,,851,40.74028,-74.05304,,,,0.24007715728278778,SUMMIT AVE AT MANHATTAN AVE,bus,40.743688,-74.053961,"Jersey City, NJ"
https://www.realtor.com/realestateandhomes-detail/9297714284,PHPA,NJHD2000280,FOR_SALE,CONDOS,160 Central Ave,Unit 3,Jersey City,NJ,07307,3,2,,1515,2025,1199000,2025-05-15,,,,791,40.74028,-74.05304,2,250,,0.24007715728278778,SUMMIT AVE AT MANHATTAN AVE,bus,40.743688,-74.053961,"Jersey City, NJ"
https://www.realtor.com/realestateandhomes-detail/6885985240,HCNJ,250006671,FOR_SALE,CONDOS,270 Harrison Ave,Apt 304,Jersey City,NJ,07304,3,2,,1415,,440000,2025-04-06,195000,2013-09-09,,311,40.721441,-74.079467,2,1019,,0.2426611133046882,WEST SIDE AVE AT CLENDENNY AVE,bus,40.71913,-74.082951,"Jersey City, NJ"
https://www.realtor.com/realestateandhomes-detail/9054808749,HCNJ,250007199,FOR_SALE,MULTI_FAMILY,612 Palisade Ave,,Jersey City,NJ,07307,6,4,1,,,1650000,2025-04-12,,,,,40.749329,-74.040611,,,,0.24805811567472957,NEW YORK AVE AT 2ND ST,bus,40.752909,-74.040181,"Jersey City, NJ"
https://www.realtor.com/realestateandhomes-detail/6736480639,HCNJ,250010172,FOR_SALE,SINGLE_FAMILY,27 Lexington Ave,,Jersey City,NJ,07304,7,2,1,,,405000,2025-05-21,315000,2006-01-24,,,40.717463,-74.078725,2,,,0.24991474009435397,WEST SIDE AVE AT CLENDENNY AVE,bus,40.71913,-74.082951,"Jersey City, NJ"
https://www.realtor.com/realestateandhomes-detail/9348566073,HCNJ,250008507,FOR_SALE,MULTI_FAMILY,608 Palisade Ave,,Jersey City,NJ,07307,7,3,,,,1425000,2025-04-30,,,2400,,40.749214,-74.040703,2,,,0.25643223296354434,NEW YORK AVE AT 2ND ST,bus,40.752909,-74.040181,"Jersey City, NJ"
https://www.realtor.com/realestateandhomes-detail/9740762257,HCNJ,250005733,FOR_SALE,CONDOS,12 Irving St,Unit 2,Jersey City,NJ,07307,3,2,,1443,,929000,2025-03-25,,,,644,40.753204,-74.045113,,,1,0.2596001439291904,NEW YORK AVE AT 2ND ST,bus,40.752909,-74.040181,"Jersey City, NJ"
https://www.realtor.com/realestateandhomes-detail/9010564033,HCNJ,250009729,FOR_SALE,LAND,2380 John F Kennedy Blvd,,Jersey City,NJ,07304,,,,,,3000000,2025-05-15,,,11000,,40.718967,-74.077988,,,,0.26080281759006746,WEST SIDE AVE AT CLENDENNY AVE,bus,40.71913,-74.082951,"Jersey City, NJ"
https://www.realtor.com/realestateandhomes-detail/9516548834,HCNJ,250009666,FOR_SALE,CONDOS,123 Washington St,Apt 4R,Hoboken,NJ,07030,1,1,,606,,545000,2025-05-15,,,,899,40.738167,-74.030457,2,237,,0.26195775241691877,HOBOKEN,rail,40.734843,-74.028046,"Hoboken, NJ"
https://www.realtor.com/realestateandhomes-detail/9630909597,HCNJ,250010192,FOR_SALE,MULTI_FAMILY,97 Reservoir Ave,,Jersey City,NJ,07307,8,3,,,,1350000,2025-05-21,,,2500,,40.740082,-74.052254,,,1,0.26445991379681294,SUMMIT AVE AT MANHATTAN AVE,bus,40.743688,-74.053961,"Jersey City, NJ"
https://www.realtor.com/realestateandhomes-detail/5147841031,HCNJ,250005657,FOR_SALE,MULTI_FAMILY,21 Boyd Ave,,Jersey City,NJ,07304,4,2,,,,599999,2025-03-25,5000,1975-11-03,4200,,40.715467,-74.081253,,,2,0.26801628107969205,WEST SIDE AVE AT CLENDENNY AVE,bus,40.71913,-74.082951,"Jersey City, NJ"
https://www.realtor.com/realestateandhomes-detail/9885765197,HCNJ,250009057,FOR_SALE,CONDOS,13 Manhattan Ave,Unit 1,Jersey City,NJ,07307,3,2,,1282,,699900,2025-05-07,820000,2025-05-02,,546,40.741578,-74.049648,2,139,,0.2691367480149573,SUMMIT AVE AT MANHATTAN AVE,bus,40.743688,-74.053961,"Jersey City, NJ"
https://www.realtor.com/realestateandhomes-detail/5114599810,HCNJ,250006490,FOR_SALE,SINGLE_FAMILY,216 Ege Ave,,Jersey City,NJ,07304,4,1,1,,,600000,2025-04-03,165000,2002-10-17,3500,,40.715456,-74.084799,,,,0.2714464152533144,WEST SIDE AVE AT CLENDENNY AVE,bus,40.71913,-74.082951,"Jersey City, NJ"
https://www.realtor.com/realestateandhomes-detail/5975309395,HCNJ,250005919,FOR_SALE,CONDOS,259 Griffith St,Unit 1,Jersey City,NJ,07307,2,1,,688,,339000,2025-03-27,286000,2019-10-15,,493,40.747634,-74.053987,2,238,,0.27228786146718875,SUMMIT AVE AT MANHATTAN AVE,bus,40.743688,-74.053961,"Jersey City, NJ"
https://www.realtor.com/realestateandhomes-detail/5311973018,BCNJ,25013358,FOR_SALE,SINGLE_FAMILY,967 Summit Ave,,Jersey City,NJ,07307,3,1,1,,,825000,2025-05-22,65000,1999-08-17,,,40.74733,-74.051834,,,,0.2749827931198445,SUMMIT AVE AT MANHATTAN AVE,bus,40.743688,-74.053961,"Jersey City, NJ"
https://www.realtor.com/realestateandhomes-detail/9633942468,HCNJ,250007155,FOR_SALE,MULTI_FAMILY,139 Prospect St,,Jersey City,NJ,07307,11,5,,,,1559000,2025-04-11,,,4479,,40.739712,-74.053169,,,3,0.2774852426570521,SUMMIT AVE AT MANHATTAN AVE,bus,40.743688,-74.053961,"Jersey City, NJ"
https://www.realtor.com/realestateandhomes-detail/6646971177,HCNJ,250008664,FOR_SALE,MULTI_FAMILY,10 Clendenny Ave,,Jersey City,NJ,07304,7,2,,,,850000,2025-05-02,,,3305,,40.717008,-74.078366,2,,,0.28175355668562924,WEST SIDE AVE AT CLENDENNY AVE,bus,40.71913,-74.082951,"Jersey City, NJ"
https://www.realtor.com/realestateandhomes-detail/6772967329,HCNJ,250006345,FOR_SALE,MULTI_FAMILY,152 Bentley Ave,,Jersey City,NJ,07304,5,3,,,,789000,2025-04-02,575000,2025-04-02,1574,,40.722505,-74.079838,2,,2,0.2845061932957898,WEST SIDE AVE AT CLENDENNY AVE,bus,40.71913,-74.082951,"Jersey City, NJ"
https://www.realtor.com/realestateandhomes-detail/5875810399,HCNJ,250007806,FOR_SALE,MULTI_FAMILY,103 Beach St,,Jersey City,NJ,07307,5,2,1,,,840000,2025-04-22,105000,1996-10-15,2500,,40.744853,-74.059235,2,,,0.2882208228244398,SUMMIT AVE AT MANHATTAN AVE,bus,40.743688,-74.053961,"Jersey City, NJ"
https://www.realtor.com/realestateandhomes-detail/9876167150,BCNJ,25012047,FOR_SALE,TOWNHOMES,111 Mulberry St,Unit A,Newark,NJ,07102,2,1,1,,,499900,2025-04-21,,,,,40.73542,-74.169815,,,,0.2882677463828338,NEWARK PENN STATION,rail,40.734221,-74.164554,"Newark, NJ"
https://www.realtor.com/realestateandhomes-detail/5028813610,HCNJ,250007570,FOR_SALE,MULTI_FAMILY,310 Ege Ave,,Jersey City,NJ,07304,6,2,,,,579000,2025-04-17,85000,1995-08-23,1773,,40.717652,-74.088122,,,,0.29000694050179593,WEST SIDE AVE AT CLENDENNY AVE,bus,40.71913,-74.082951,"Jersey City, NJ"
https://www.realtor.com/realestateandhomes-detail/9203834333,HCNJ,250009042,FOR_SALE,CONDOS,443 Bergen Ave,Unit 1,Jersey City,NJ,07304,3,2,,1150,,449000,2025-05-07,,,,390,40.716843,-74.078224,,177,,0.2940982637634806,WEST SIDE AVE AT CLENDENNY AVE,bus,40.71913,-74.082951,"Jersey City, NJ"
https://www.realtor.com/realestateandhomes-detail/9280061929,HCNJ,250006959,FOR_SALE,CONDOS,102.5 Congress St,Unit 2,Jersey City,NJ,07307,1,1,,700,,399000,2025-04-09,,,,570,40.750576,-74.044914,2,334,,0.2959730338966019,NEW YORK AVE AT 2ND ST,bus,40.752909,-74.040181,"Jersey City, NJ"
https://www.realtor.com/realestateandhomes-detail/9660448601,GSNJ,3952906,FOR_SALE,CONDOS,89 Lincoln St,Unit 2,Jersey City,NJ,07307,3,3,1,1642,2023,949000,2025-03-25,,,2178,578,40.747951,-74.052989,,,2,0.29854836657089767,SUMMIT AVE AT MANHATTAN AVE,bus,40.743688,-74.053961,"Jersey City, NJ"
https://www.realtor.com/realestateandhomes-detail/5558038632,HCNJ,250006841,FOR_SALE,SINGLE_FAMILY,112 Beach St,,Jersey City,NJ,07307,4,2,,,,875000,2025-04-08,320000,2005-06-27,,,40.74535,-74.059234,,,,0.2995520494194708,SUMMIT AVE AT MANHATTAN AVE,bus,40.743688,-74.053961,"Jersey City, NJ"
https://www.realtor.com/realestateandhomes-detail/5987410524,HCNJ,250006021,FOR_SALE,SINGLE_FAMILY,405 Bergen Ave,,Jersey City,NJ,07304,4,2,1,2000,,699999,2025-03-28,330000,2017-10-12,2500,350,40.715627,-74.07958,,,,0.2995820849040471,WEST SIDE AVE AT CLENDENNY AVE,bus,40.71913,-74.082951,"Jersey City, NJ"
https://www.realtor.com/realestateandhomes-detail/6069693725,HCNJ,250010096,FOR_SALE,MULTI_FAMILY,644 Side Ave,,Jersey City,NJ,07304,5,2,,,,650000,2025-05-20,190000,2001-07-16,2413,,40.722636,-74.079548,2,,,0.3007387142077694,WEST SIDE AVE AT CLENDENNY AVE,bus,40.71913,-74.082951,"Jersey City, NJ"
https://www.realtor.com/realestateandhomes-detail/6292662797,GSNJ,3957546,FOR_SALE,CONDOS,111 Mulberry St,Apt 4L,Newark,NJ,07102,3,2,,1500,1988,450000,2025-04-18,280000,2020-09-17,81022,300,40.735482,-74.170116,,819,,0.30463003804895383,NEWARK PENN STATION,rail,40.734221,-74.164554,"Newark, NJ"
https://www.realtor.com/realestateandhomes-detail/6394676618,HCNJ,250009120,FOR_SALE,CONDOS,371 New York Ave,Unit 2,Jersey City,NJ,07307,3,2,,1500,,1395000,2025-05-07,,,,930,40.748864,-74.04255,,,,0.3055483819137633,NEW YORK AVE AT 2ND ST,bus,40.752909,-74.040181,"Jersey City, NJ"
https://www.realtor.com/realestateandhomes-detail/6298870009,HCNJ,250009288,FOR_SALE,MULTI_FAMILY,326 Ege Ave,,Jersey City,NJ,07304,6,3,,,,780000,2025-05-09,212300,2016-02-09,,,40.717888,-74.088566,,,1,0.30699755787630734,WEST SIDE AVE AT CLENDENNY AVE,bus,40.71913,-74.082951,"Jersey City, NJ"
https://www.realtor.com/realestateandhomes-detail/5186269401,HCNJ,250007118,FOR_SALE,MULTI_FAMILY,585 Palisade Ave,,Jersey City,NJ,07307,5,5,,,,1350000,2025-04-11,735000,2005-07-29,2500,,40.748547,-74.041708,,,2,0.3114734835635532,NEW YORK AVE AT 2ND ST,bus,40.752909,-74.040181,"Jersey City, NJ"
https://www.realtor.com/realestateandhomes-detail/5945735828,HCNJ,250010067,FOR_SALE,SINGLE_FAMILY,465 Bergen Ave,,Jersey City,NJ,07304,4,4,,,,475000,2025-05-19,,,1349,,40.717387,-74.077427,,,,0.3139659858802447,WEST SIDE AVE AT CLENDENNY AVE,bus,40.71913,-74.082951,"Jersey City, NJ"
https://www.realtor.com/realestateandhomes-detail/9576004516,HCNJ,250010299,FOR_SALE,CONDOS,72 Lincoln St,Unit 2,Jersey City,NJ,07307,3,2,,1509,,949000,2025-05-22,,,,629,40.748071,-74.051983,,175,,0.31975687399199254,SUMMIT AVE AT MANHATTAN AVE,bus,40.743688,-74.053961,"Jersey City, NJ"
https://www.realtor.com/realestateandhomes-detail/5874360357,HCNJ,250006142,FOR_SALE,CONDOS,225 River St,Apt 1904,Hoboken,NJ,07030,2,2,1,1961,,2350000,2025-03-31,,,,1198,40.73948,-74.028624,2,3412,,0.3213997683495872,HOBOKEN,rail,40.734843,-74.028046,"Hoboken, NJ"
https://www.realtor.com/realestateandhomes-detail/5408171459,HCNJ,250009144,FOR_SALE,CONDOS,224 Hudson St,Apt 3B,Hoboken,NJ,07030,2,2,,1150,,800000,2025-05-08,710000,2015-04-13,,696,40.739417,-74.029435,2,488,1,0.32392810145973855,HOBOKEN,rail,40.734843,-74.028046,"Hoboken, NJ"
https://www.realtor.com/realestateandhomes-detail/9554822067,HCNJ,250007114,FOR_SALE,CONDOS,579 Palisade Ave,Unit 1,Jersey City,NJ,07307,2,1,,1000,,525000,2025-04-11,,,,525,40.748337,-74.04171,,405,,0.3255235500155792,NEW YORK AVE AT 2ND ST,bus,40.752909,-74.040181,"Jersey City, NJ"
https://www.realtor.com/realestateandhomes-detail/6339438099,HCNJ,250006441,FOR_SALE,MULTI_FAMILY,7 Lienau Pl,,Jersey City,NJ,07306,6,5,,,,2250000,2025-04-03,600000,2022-11-14,,,40.738979,-74.052743,,,2,0.33116146433156846,SUMMIT AVE AT MANHATTAN AVE,bus,40.743688,-74.053961,"Jersey City, NJ"
https://www.realtor.com/realestateandhomes-detail/6798671137,PHPA,NJHD2000276,FOR_SALE,CONDOS,1 Congress St,Apt C4,Jersey City,NJ,07307,1,1,,950,1965,489000,2025-05-01,,,,515,40.748105,-74.040054,3,360,,0.3315559783382021,NEW YORK AVE AT 2ND ST,bus,40.752909,-74.040181,"Jersey City, NJ"
https://www.realtor.com/realestateandhomes-detail/6158108074,HCNJ,250010005,FOR_SALE,CONDOS,1160 Summit Ave,Unit 2,Jersey City,NJ,07307,2,2,,1097,,595000,2025-05-19,,,,542,40.7546,-74.046158,,450,,0.33463493480228496,NEW YORK AVE AT 2ND ST,bus,40.752909,-74.040181,"Jersey City, NJ"
https://www.realtor.com/realestateandhomes-detail/5284448529,HCNJ,250005581,FOR_SALE,CONDOS,135 Garden St,Apt 4,Hoboken,NJ,07030,2,1,,835,,655000,2025-03-24,582500,2021-05-07,,784,40.738706,-74.031977,2,429,,0.33707934424131997,HOBOKEN,rail,40.734843,-74.028046,"Hoboken, NJ"
https://www.realtor.com/realestateandhomes-detail/6994871495,MONJ,22513334,FOR_SALE,SINGLE_FAMILY,62 Hancock Ave,,Jersey City,NJ,07307,2,2,1,5000,,1749999,2025-05-07,440000,2005-10-15,,350,40.74461,-74.047653,2,0,1,0.33710678456140514,SUMMIT AVE AT MANHATTAN AVE,bus,40.743688,-74.053961,"Jersey City, NJ"
https://www.realtor.com/realestateandhomes-detail/9723045548,HCNJ,250005855,FOR_SALE,SINGLE_FAMILY,125A Lincoln St,,Jersey City,NJ,07307,4,2,1,,,895000,2025-03-27,,,1875,,40.748604,-74.054672,,,,0.341263006857775,SUMMIT AVE AT MANHATTAN AVE,bus,40.743688,-74.053961,"Jersey City, NJ"
https://www.realtor.com/realestateandhomes-detail/9540269102,HCNJ,250005992,FOR_SALE,CONDOS,81 Webster Ave,Unit 1,Jersey City,NJ,07307,3,3,,1790,,1249000,2025-03-28,,,,698,40.741386,-74.048195,,,,0.3417678285094211,SUMMIT AVE AT MANHATTAN AVE,bus,40.743688,-74.053961,"Jersey City, NJ"
https://www.realtor.com/realestateandhomes-detail/5643380909,HCNJ,250008983,FOR_SALE,CONDOS,95 Webster Ave,Apt 3F,Jersey City,NJ,07307,2,1,,963,,575000,2025-05-06,,,,597,40.74176,-74.047911,,,,0.34426018521865703,SUMMIT AVE AT MANHATTAN AVE,bus,40.743688,-74.053961,"Jersey City, NJ"
https://www.realtor.com/realestateandhomes-detail/6001001221,GSNJ,3959218,FOR_SALE,MULTI_FAMILY,173 Harrison Ave,,Jersey City,NJ,07304,6,3,1,3800,1900,745000,2025-04-28,32000,1974-12-23,2614,196,40.719383,-74.076378,,,,0.3455262729840413,WEST SIDE AVE AT CLENDENNY AVE,bus,40.71913,-74.082951,"Jersey City, NJ"
https://www.realtor.com/realestateandhomes-detail/9862145082,HCNJ,250008545,FOR_SALE,LAND,406 Westside Ave,,Jersey City,NJ,07305,,,,,,501000,2025-05-01,4000,1979-06-21,2100,,40.71516,-74.087016,,,,0.3472622681900536,WEST SIDE AVE AT CLENDENNY AVE,bus,40.71913,-74.082951,"Jersey City, NJ"
https://www.realtor.com/realestateandhomes-detail/5608725143,BCNJ,25014714,FOR_SALE,CONDOS,99 Park Ave,Apt 5D,Hoboken,NJ,07030,2,2,,,,1265000,2025-05-03,610000,2005-01-19,,,40.737715,-74.033488,,,1,0.34764977796755936,HOBOKEN,rail,40.734843,-74.028046,"Hoboken, NJ"
https://www.realtor.com/realestateandhomes-detail/9281455612,HCNJ,250010219,FOR_SALE,CONDOS,259 Liberty Ave,Unit 4,Jersey City,NJ,07307,3,2,1,1420,,735000,2025-05-21,,,,518,40.74604,-74.059875,2,296,,0.35023968339350975,SUMMIT AVE AT MANHATTAN AVE,bus,40.743688,-74.053961,"Jersey City, NJ"
https://www.realtor.com/realestateandhomes-detail/9813770132,HCNJ,250010218,FOR_SALE,CONDOS,259 Liberty Ave,Unit 3,Jersey City,NJ,07307,3,2,1,1517,,749000,2025-05-21,,,,494,40.74604,-74.059875,2,316,,0.35023968339350975,SUMMIT AVE AT MANHATTAN AVE,bus,40.743688,-74.053961,"Jersey City, NJ"
https://www.realtor.com/realestateandhomes-detail/9543886663,HCNJ,250010217,FOR_SALE,CONDOS,259 Liberty Ave,Unit 2,Jersey City,NJ,07307,3,2,1,1473,,769000,2025-05-21,,,,522,40.74604,-74.059875,2,307,,0.35023968339350975,SUMMIT AVE AT MANHATTAN AVE,bus,40.743688,-74.053961,"Jersey City, NJ"
https://www.realtor.com/realestateandhomes-detail/6036894621,HCNJ,250007117,FOR_SALE,MULTI_FAMILY,114 Oak St,,Jersey City,NJ,07304,6,3,,,,550000,2025-04-11,,,2500,,40.71509,-74.078899,2,,,0.3506706939155222,WEST SIDE AVE AT CLENDENNY AVE,bus,40.71913,-74.082951,"Jersey City, NJ"
https://www.realtor.com/realestateandhomes-detail/9860534045,GSNJ,3958902,FOR_SALE,CONDOS,160 2nd St,,Hoboken,NJ,07030,1,1,,,1900,455000,2025-04-25,,,118919,,40.73904,-74.031822,,327,,0.35092612191904765,HOBOKEN,rail,40.734843,-74.028046,"Hoboken, NJ"
https://www.realtor.com/realestateandhomes-detail/9081180585,GSNJ,3962068,FOR_SALE,CONDOS,223 Bloomfield St,,Hoboken,NJ,07030,1,1,,,1920,649000,2025-05-09,,,13939,,40.739548,-74.030609,,526,1,0.35142340441212216,HOBOKEN,rail,40.734843,-74.028046,"Hoboken, NJ"
https://www.realtor.com/realestateandhomes-detail/5788435245,HCNJ,250009165,FOR_SALE,CONDOS,160 2nd St,Apt 2,Hoboken,NJ,07030,1,1,,364,,455000,2025-05-08,375000,2020-05-21,,1250,40.739058,-74.031817,,292,,0.3518040987674235,HOBOKEN,rail,40.734843,-74.028046,"Hoboken, NJ"
https://www.realtor.com/realestateandhomes-detail/5355689639,HCNJ,250008069,FOR_SALE,CONDOS,160 2nd St,Apt 4,Hoboken,NJ,07030,1,1,,401,,455000,2025-04-25,364000,2020-10-30,,1135,40.739097,-74.031805,,,,0.35368037357998233,HOBOKEN,rail,40.734843,-74.028046,"Hoboken, NJ"
https://www.realtor.com/realestateandhomes-detail/6036514625,HCNJ,250009225,FOR_SALE,CONDOS,223 Bloomfield St,Apt 4C,Hoboken,NJ,07030,1,1,,675,,649000,2025-05-08,430000,2023-03-01,,961,40.739567,-74.030722,,526,1,0.3549398136107081,HOBOKEN,rail,40.734843,-74.028046,"Hoboken, NJ"
https://www.realtor.com/realestateandhomes-detail/9675382267,HCNJ,250008826,FOR_SALE,MULTI_FAMILY,245 Liberty Ave,,Jersey City,NJ,07307,5,3,,,,1300000,2025-05-05,370000,2003-12-10,2500,,40.745635,-74.060222,,,2,0.35498470761936823,SUMMIT AVE AT MANHATTAN AVE,bus,40.743688,-74.053961,"Jersey City, NJ"
https://www.realtor.com/realestateandhomes-detail/6680850107,HCNJ,250008566,FOR_SALE,CONDOS,223 Bloomfield St,Apt 3E,Hoboken,NJ,07030,1,1,,744,,698000,2025-05-01,255000,2002-12-04,,938,40.739622,-74.030822,2,514,,0.36051736188987876,HOBOKEN,rail,40.734843,-74.028046,"Hoboken, NJ"
https://www.realtor.com/realestateandhomes-detail/6417286653,BCNJ,25017422,FOR_SALE,CONDOS,50 Reservoir Ave,Apt 201,Jersey City,NJ,07307,2,1,,,,525000,2025-05-22,355000,2017-06-19,,,40.739336,-74.050088,,,1,0.3626249123220218,SUMMIT AVE AT MANHATTAN AVE,bus,40.743688,-74.053961,"Jersey City, NJ"
https://www.realtor.com/realestateandhomes-detail/6348545510,GSNJ,3959429,FOR_SALE,CONDOS,111 Mallory Ave,Apt 7,Jersey City,NJ,07304,0,1,,,1930,150000,2025-04-28,77000,2006-11-02,2178,,40.718094,-74.089723,,385,,0.3626515355579837,WEST SIDE AVE AT CLENDENNY AVE,bus,40.71913,-74.082951,"Jersey City, NJ"
https://www.realtor.com/realestateandhomes-detail/6280349659,HCNJ,250006427,FOR_SALE,CONDOS,125 Garden St,Apt 3E,Hoboken,NJ,07030,1,1,,833,,675000,2025-04-03,675000,2025-04-29,,810,40.738614,-74.03287,,379,,0.3630654305420583,HOBOKEN,rail,40.734843,-74.028046,"Hoboken, NJ"
https://www.realtor.com/realestateandhomes-detail/6993638387,HCNJ,250010209,FOR_SALE,SINGLE_FAMILY,235 Sherman Ave,,Jersey City,NJ,07307,2,1,,740,,675000,2025-05-21,510000,2021-08-10,2100,912,40.748913,-74.044694,,,,0.3634753356225951,NEW YORK AVE AT 2ND ST,bus,40.752909,-74.040181,"Jersey City, NJ"
https://www.realtor.com/realestateandhomes-detail/9795123151,HCNJ,250007727,FOR_SALE,CONDOS,100 Webster Ave,Unit 1,Jersey City,NJ,07307,3,2,1,1389,,949000,2025-04-21,,,,683,40.741936,-74.047409,,,,0.3644935224664196,SUMMIT AVE AT MANHATTAN AVE,bus,40.743688,-74.053961,"Jersey City, NJ"
https://www.realtor.com/realestateandhomes-detail/9107456997,HCNJ,250007729,FOR_SALE,CONDOS,100 Webster Ave,Unit 3,Jersey City,NJ,07307,3,2,1,1732,,1125000,2025-04-21,,,,650,40.741936,-74.047409,,,,0.3644935224664196,SUMMIT AVE AT MANHATTAN AVE,bus,40.743688,-74.053961,"Jersey City, NJ"
https://www.realtor.com/realestateandhomes-detail/9830397958,HCNJ,250007728,FOR_SALE,CONDOS,100 Webster Ave,Unit 2,Jersey City,NJ,07307,3,2,1,1600,,1039000,2025-04-21,,,,649,40.741936,-74.047409,,,,0.3644935224664196,SUMMIT AVE AT MANHATTAN AVE,bus,40.743688,-74.053961,"Jersey City, NJ"
https://www.realtor.com/realestateandhomes-detail/5360496946,HCNJ,250006788,FOR_SALE,CONDOS,209 Garden St,Apt 3,Hoboken,NJ,07030,3,2,,1496,,1495000,2025-04-08,1250000,2021-06-21,,999,40.739267,-74.031901,,650,,0.36623429759323123,HOBOKEN,rail,40.734843,-74.028046,"Hoboken, NJ"
https://www.realtor.com/realestateandhomes-detail/6384649727,HCNJ,250006904,FOR_SALE,CONDOS,88 Park Ave,Apt 1N,Hoboken,NJ,07030,1,1,,591,,515000,2025-04-09,449000,2019-01-11,,871,40.737629,-74.034001,,350,,0.3669476223313643,HOBOKEN,rail,40.734843,-74.028046,"Hoboken, NJ"
https://www.realtor.com/realestateandhomes-detail/6271360559,BCNJ,25016299,FOR_SALE,SINGLE_FAMILY,106 Griffith St,,Jersey City,NJ,07307,3,1,1,,,775000,2025-05-15,575000,2022-05-02,,,40.745085,-74.047195,,,2,0.36793602033918704,SUMMIT AVE AT MANHATTAN AVE,bus,40.743688,-74.053961,"Jersey City, NJ"
https://www.realtor.com/realestateandhomes-detail/9355175266,HCNJ,250008426,FOR_SALE,MULTI_FAMILY,133 Beach St,,Jersey City,NJ,07307,4,2,1,,,999999,2025-04-30,,,2625,,40.745449,-74.060593,2,,2,0.36865263718567515,SUMMIT AVE AT MANHATTAN AVE,bus,40.743688,-74.053961,"Jersey City, NJ"
https://www.realtor.com/realestateandhomes-detail/5308509763,HCNJ,250009749,FOR_SALE,CONDOS,207 2nd St,Apt 4A,Hoboken,NJ,07030,3,2,,1323,,1325000,2025-05-15,1100000,2016-08-18,,1002,40.738964,-74.032527,2,675,,0.3690197955126512,HOBOKEN,rail,40.734843,-74.028046,"Hoboken, NJ"
https://www.realtor.com/realestateandhomes-detail/9104202309,HCNJ,250010046,FOR_SALE,MULTI_FAMILY,202 Bowers St,,Jersey City,NJ,07307,3,4,,,,899000,2025-05-19,,,1680,,40.748772,-74.05172,,,,0.3699978797756859,SUMMIT AVE AT MANHATTAN AVE,bus,40.743688,-74.053961,"Jersey City, NJ"
https://www.realtor.com/realestateandhomes-detail/5018529920,HCNJ,250006944,FOR_SALE,MULTI_FAMILY,82 Prospect St,,Jersey City,NJ,07307,9,5,,,,1699000,2025-04-09,,,5000,,40.738898,-74.050773,,,2,0.37045879018202543,SUMMIT AVE AT MANHATTAN AVE,bus,40.743688,-74.053961,"Jersey City, NJ"
https://www.realtor.com/realestateandhomes-detail/6725136568,HCNJ,250009372,FOR_SALE,SINGLE_FAMILY,155 Harrison Ave,,Jersey City,NJ,07304,3,1,,,,499000,2025-05-12,81000,1996-06-10,2742,,40.71915,-74.075888,2,,2,0.3708133707650265,WEST SIDE AVE AT CLENDENNY AVE,bus,40.71913,-74.082951,"Jersey City, NJ"
https://www.realtor.com/realestateandhomes-detail/6974830488,HCNJ,250010077,FOR_SALE,CONDOS,1300 Grand St,Apt 521,Hoboken,NJ,07030,2,2,,1055,,949000,2025-05-20,392900,2005-06-09,,900,40.753322,-74.032353,2,496,,0.373330456089204,NEW YORK AVE AT 8TH ST,bus,40.756899,-74.037691,"Hoboken, NJ"
https://www.realtor.com/realestateandhomes-detail/6003609837,HCNJ,250008370,FOR_SALE,SINGLE_FAMILY,153 Harrison Ave,,Jersey City,NJ,07304,3,2,2,2447,,699000,2025-04-29,65000,1999-05-03,2743,286,40.71912,-74.075827,2,,2,0.3740140517069681,WEST SIDE AVE AT CLENDENNY AVE,bus,40.71913,-74.082951,"Jersey City, NJ"
https://www.realtor.com/realestateandhomes-detail/9709549530,HCNJ,250007041,FOR_SALE,MULTI_FAMILY,614 Bramhall Ave,,Jersey City,NJ,07304,6,3,,,,769000,2025-04-10,,,1865,,40.71648,-74.076729,,,,0.3743608106661544,WEST SIDE AVE AT CLENDENNY AVE,bus,40.71913,-74.082951,"Jersey City, NJ"
https://www.realtor.com/realestateandhomes-detail/5475420678,HCNJ,250006413,FOR_SALE,CONDOS,1209 Summit Ave,Unit 402,Jersey City,NJ,07307,2,2,,1250,,575000,2025-04-03,268000,2011-01-25,,460,40.756737,-74.045261,2,357,,0.375267202675226,NEW YORK AVE AT 2ND ST,bus,40.752909,-74.040181,"Jersey City, NJ"
https://www.realtor.com/realestateandhomes-detail/6742270311,HCNJ,250006787,FOR_SALE,CONDOS,102 Park Ave,Apt 2,Hoboken,NJ,07030,2,2,,1225,,995000,2025-04-08,795000,2016-12-01,,812,40.738131,-74.033742,2,500,,0.3753062386327861,HOBOKEN,rail,40.734843,-74.028046,"Hoboken, NJ"
https://www.realtor.com/realestateandhomes-detail/9353839017,HCNJ,250009545,FOR_SALE,CONDOS,221 Liberty Ave,Unit 1,Jersey City,NJ,07306,3,2,1,2085,,849000,2025-05-14,,,,407,40.744301,-74.061073,,218,1,0.3756335541973266,SUMMIT AVE AT MANHATTAN AVE,bus,40.743688,-74.053961,"Jersey City, NJ"
https://www.realtor.com/realestateandhomes-detail/9229524522,HCNJ,250008615,FOR_SALE,CONDOS,151 Webster Ave,Apt 201,Jersey City,NJ,07307,3,3,,1638,,910000,2025-05-01,,,,556,40.743819,-74.046749,2,374,,0.37860180179205705,SUMMIT AVE AT MANHATTAN AVE,bus,40.743688,-74.053961,"Jersey City, NJ"
https://www.realtor.com/realestateandhomes-detail/9107914741,HCNJ,250009054,FOR_SALE,CONDOS,41 Graham St,Unit 2,Jersey City,NJ,07307,3,2,,1445,,875000,2025-05-07,,,,606,40.752059,-74.047352,,166,1,0.3808365366265682,NEW YORK AVE AT 2ND ST,bus,40.752909,-74.040181,"Jersey City, NJ"
https://www.realtor.com/realestateandhomes-detail/6796480029,HCNJ,250006110,FOR_SALE,SINGLE_FAMILY,186 Union St,,Jersey City,NJ,07304,3,3,,,,490000,2025-03-31,82000,2001-11-14,1487,,40.71532,-74.077693,,,,0.3812116696579202,WEST SIDE AVE AT CLENDENNY AVE,bus,40.71913,-74.082951,"Jersey City, NJ"
https://www.realtor.com/realestateandhomes-detail/6785595225,HCNJ,250009992,FOR_SALE,MULTI_FAMILY,58 Booraem Ave,,Jersey City,NJ,07307,7,4,,,,1250000,2025-05-19,500000,2017-05-04,1875,,40.739633,-74.048976,,,1,0.38306608035896517,SUMMIT AVE AT MANHATTAN AVE,bus,40.743688,-74.053961,"Jersey City, NJ"
https://www.realtor.com/realestateandhomes-detail/5049533474,BCNJ,25017415,FOR_SALE,MULTI_FAMILY,64 Yale Ave,,Jersey City,NJ,07304,10,5,,,,1219000,2025-05-23,,,,,40.716729,-74.089536,,,,0.38336881719765625,WEST SIDE AVE AT CLENDENNY AVE,bus,40.71913,-74.082951,"Jersey City, NJ"
https://www.realtor.com/realestateandhomes-detail/9465884495,HCNJ,250008201,FOR_SALE,LAND,111 Clinton Ave,,Jersey City,NJ,07304,,,,,,325000,2025-04-28,,,1615,,40.717385,-74.076005,,,,0.3840374739747075,WEST SIDE AVE AT CLENDENNY AVE,bus,40.71913,-74.082951,"Jersey City, NJ"
https://www.realtor.com/realestateandhomes-detail/9613011796,HCNJ,250009871,FOR_SALE,CONDOS,401 Ogden Ave,Unit 1,Jersey City,NJ,07307,3,3,1,3125,,1800000,2025-05-16,,,,576,40.747364,-74.041382,,,,0.38777576377627104,NEW YORK AVE AT 2ND ST,bus,40.752909,-74.040181,"Jersey City, NJ"
https://www.realtor.com/realestateandhomes-detail/6546934866,HCNJ,250008357,FOR_SALE,MULTI_FAMILY,57 Booraem Ave,,Jersey City,NJ,07307,4,2,,,,999999,2025-04-29,600000,2016-10-18,2500,,40.739304,-74.049289,,,,0.38940186130557897,SUMMIT AVE AT MANHATTAN AVE,bus,40.743688,-74.053961,"Jersey City, NJ"
https://www.realtor.com/realestateandhomes-detail/6337420264,HCNJ,250006811,FOR_SALE,CONDOS,77 Charles St,Unit 2,Jersey City,NJ,07307,4,2,1,1900,,1275000,2025-04-08,,,,671,40.749079,-74.051589,2,,,0.39226824587941883,SUMMIT AVE AT MANHATTAN AVE,bus,40.743688,-74.053961,"Jersey City, NJ"
https://www.realtor.com/realestateandhomes-detail/6987165515,HCNJ,250010183,FOR_SALE,CONDOS,1200 Grand St,Apt 616,Hoboken,NJ,07030,2,2,,1015,,948000,2025-05-21,,,,934,40.752495,-74.03277,,609,,0.3987783370015774,NEW YORK AVE AT 8TH ST,bus,40.756899,-74.037691,"Hoboken, NJ"
https://www.realtor.com/realestateandhomes-detail/6363340760,HCNJ,250006612,FOR_SALE,CONDOS,84 Willow Ave,Apt 2B,Hoboken,NJ,07030,2,2,,1215,,1289000,2025-04-04,970000,2019-08-06,,1061,40.73733,-74.034906,2,515,,0.39886625928778646,HOBOKEN,rail,40.734843,-74.028046,"Hoboken, NJ"
https://www.realtor.com/realestateandhomes-detail/5187392972,HCNJ,250010411,FOR_SALE,CONDOS,120 Sherman Ave,Apt 2B,Jersey City,NJ,07307,1,1,,707,,435000,2025-05-23,,,,615,40.745007,-74.046519,2,280,,0.4010256547956727,SUMMIT AVE AT MANHATTAN AVE,bus,40.743688,-74.053961,"Jersey City, NJ"
https://www.realtor.com/realestateandhomes-detail/6985898473,HCNJ,250007878,FOR_SALE,CONDOS,1200 Grand St,Apt 401,Hoboken,NJ,07030,1,1,,1027,,825000,2025-04-23,510000,2013-10-15,,803,40.752635,-74.032485,2,606,1,0.4014881413538789,NEW YORK AVE AT 8TH ST,bus,40.756899,-74.037691,"Hoboken, NJ"
https://www.realtor.com/realestateandhomes-detail/5175238683,HCNJ,250007287,FOR_SALE,SINGLE_FAMILY,187 Cambridge Ave,,Jersey City,NJ,07307,4,3,,,,889000,2025-04-14,215000,2005-02-02,,,40.749412,-74.046405,,,,0.4060770302613926,NEW YORK AVE AT 2ND ST,bus,40.752909,-74.040181,"Jersey City, NJ"
https://www.realtor.com/realestateandhomes-detail/9351430257,HCNJ,250007803,FOR_SALE,CONDOS,216 Sherman Ave,Apt 1R,Jersey City,NJ,07307,1,1,,,,399000,2025-04-22,,,,,40.748032,-74.044594,,300,,0.40850615032990373,NEW YORK AVE AT 2ND ST,bus,40.752909,-74.040181,"Jersey City, NJ"
https://www.realtor.com/realestateandhomes-detail/6930554667,HCNJ,250008348,FOR_SALE,MULTI_FAMILY,170 Congress St,,Jersey City,NJ,07307,6,4,1,,,1395000,2025-04-29,745000,2016-01-28,,,40.751997,-74.047977,,,3,0.4139015551492481,NEW YORK AVE AT 2ND ST,bus,40.752909,-74.040181,"Jersey City, NJ"
https://www.realtor.com/realestateandhomes-detail/9044754747,HCNJ,250007083,FOR_SALE,CONDOS,172 New York Ave,Unit 1L,Jersey City,NJ,07307,2,1,,850,,475000,2025-04-11,,,,559,40.741947,-74.04641,2,290,,0.41409933137648414,SUMMIT AVE AT MANHATTAN AVE,bus,40.743688,-74.053961,"Jersey City, NJ"
https://www.realtor.com/realestateandhomes-detail/5912880749,HCNJ,250005833,FOR_SALE,MULTI_FAMILY,368 Liberty Ave,,Jersey City,NJ,07307,3,2,,,,715000,2025-03-26,360000,2015-05-20,,,40.749204,-74.057134,,,,0.4154492745148004,SUMMIT AVE AT MANHATTAN AVE,bus,40.743688,-74.053961,"Jersey City, NJ"
https://www.realtor.com/realestateandhomes-detail/9058042111,GSNJ,3960411,FOR_SALE,MULTI_FAMILY,81 Columbia St,,Newark,NJ,07102,5,4,1,2310,1882,649900,2025-05-01,,,1742,281,40.730171,-74.170464,3,,,0.417531553189163,NEWARK PENN STATION,rail,40.734221,-74.164554,"Newark, NJ"
https://www.realtor.com/realestateandhomes-detail/5833550820,HCNJ,250010213,FOR_SALE,MULTI_FAMILY,45 Terrace Ave,,Jersey City,NJ,07307,9,6,,,,1380000,2025-05-21,637500,2008-10-10,2500,,40.747907,-74.059676,2,,1,0.41797654840859316,SUMMIT AVE AT MANHATTAN AVE,bus,40.743688,-74.053961,"Jersey City, NJ"
https://www.realtor.com/realestateandhomes-detail/9492847754,HCNJ,250009290,FOR_SALE,CONDOS,545 Palisade Ave,Unit 1,Jersey City,NJ,07307,4,3,,1650,,1089000,2025-05-09,,,,660,40.747128,-74.042633,2,,,0.41914349878275675,NEW YORK AVE AT 2ND ST,bus,40.752909,-74.040181,"Jersey City, NJ"
https://www.realtor.com/realestateandhomes-detail/9338334546,HCNJ,250009292,FOR_SALE,CONDOS,545 Palisade Ave,Unit 2,Jersey City,NJ,07307,3,2,,1380,,987000,2025-05-09,,,,715,40.747128,-74.042633,2,,,0.41914349878275675,NEW YORK AVE AT 2ND ST,bus,40.752909,-74.040181,"Jersey City, NJ"
https://www.realtor.com/realestateandhomes-detail/5352732331,HCNJ,250009007,FOR_SALE,MULTI_FAMILY,106 Clinton Ave,,Jersey City,NJ,07304,5,3,,,,750000,2025-05-06,100000,2017-02-03,,,40.717439,-74.075224,,,,0.42212340547384253,WEST SIDE AVE AT CLENDENNY AVE,bus,40.71913,-74.082951,"Jersey City, NJ"
https://www.realtor.com/realestateandhomes-detail/6361806928,HCNJ,250010062,FOR_SALE,MULTI_FAMILY,179 Beacon Ave,,Jersey City,NJ,07306,4,2,,,,949000,2025-05-19,250000,2012-07-09,2075,,40.738252,-74.057654,,,,0.4222145206730435,SUMMIT AVE AT MANHATTAN AVE,bus,40.743688,-74.053961,"Jersey City, NJ"
https://www.realtor.com/realestateandhomes-detail/6255812590,HCNJ,250009076,FOR_SALE,SINGLE_FAMILY,123A Charles St,,Jersey City,NJ,07307,3,1,1,,,541000,2025-05-07,,,1670,,40.749836,-74.053477,,,,0.4249880466166964,SUMMIT AVE AT MANHATTAN AVE,bus,40.743688,-74.053961,"Jersey City, NJ"
https://www.realtor.com/realestateandhomes-detail/9038464857,HCNJ,250005609,FOR_SALE,CONDOS,543 Palisade Ave,Unit 5,Jersey City,NJ,07307,1,1,,693,,329000,2025-03-24,,,,475,40.747032,-74.042648,,241,,0.4256915023162315,NEW YORK AVE AT 2ND ST,bus,40.752909,-74.040181,"Jersey City, NJ"
https://www.realtor.com/realestateandhomes-detail/6218441238,HCNJ,250007059,FOR_SALE,CONDOS,300 Newark St,Apt 8G,Hoboken,NJ,07030,4,2,,2200,,1799999,2025-04-10,1570000,2017-06-09,,818,40.737637,-74.035288,2,677,,0.4262084021404889,HOBOKEN,rail,40.734843,-74.028046,"Hoboken, NJ"
https://www.realtor.com/realestateandhomes-detail/9192486151,HCNJ,250009776,FOR_SALE,CONDOS,378-380 Central Ave,Unit 3,Jersey City,NJ,07306,3,1,,2324,,899000,2025-05-15,,,,387,40.74773,-74.047808,,355,,0.42668364482650134,SUMMIT AVE AT MANHATTAN AVE,bus,40.743688,-74.053961,"Jersey City, NJ"
https://www.realtor.com/realestateandhomes-detail/5766481995,HCNJ,250006723,FOR_SALE,CONDOS,107 Laidlaw Ave,Unit 2,Jersey City,NJ,07306,3,2,,1100,,600000,2025-04-07,,,,545,40.737489,-74.054566,,300,,0.42892394028518727,SUMMIT AVE AT MANHATTAN AVE,bus,40.743688,-74.053961,"Jersey City, NJ"
https://www.realtor.com/realestateandhomes-detail/6779913588,BCNJ,25012982,FOR_SALE,CONDOS,225 Park Ave,Apt 2,Hoboken,NJ,07030,4,3,,,,3625000,2025-05-02,,,,,40.740013,-74.032649,,,,0.43085161245785447,HOBOKEN,rail,40.734843,-74.028046,"Hoboken, NJ"
https://www.realtor.com/realestateandhomes-detail/5888741681,HCNJ,250007714,FOR_SALE,CONDOS,201 Zabriskie St,Apt 1,Jersey City,NJ,07307,3,2,1,1782,,799000,2025-04-21,590000,2022-04-19,,448,40.748474,-74.059286,,400,,0.4326158068412144,SUMMIT AVE AT MANHATTAN AVE,bus,40.743688,-74.053961,"Jersey City, NJ"
https://www.realtor.com/realestateandhomes-detail/9691502774,HCNJ,250009473,FOR_SALE,MULTI_FAMILY,347 Palisade Ave,,Jersey City,NJ,07307,9,5,,,,1489999,2025-05-13,,,2500,,40.740685,-74.046707,,,2,0.4334464399493738,SUMMIT AVE AT MANHATTAN AVE,bus,40.743688,-74.053961,"Jersey City, NJ"
https://www.realtor.com/realestateandhomes-detail/9284789985,HCNJ,250009721,FOR_SALE,CONDOS,225 Park Ave,Apt 1,Hoboken,NJ,07030,4,3,,3218,,3750000,2025-05-15,,,,1165,40.740028,-74.032753,2,,1,0.4347872511493444,HOBOKEN,rail,40.734843,-74.028046,"Hoboken, NJ"
https://www.realtor.com/realestateandhomes-detail/6772136961,HCNJ,250008841,FOR_SALE,CONDOS,176 Webster Ave,Apt 2L,Jersey City,NJ,07307,2,1,,700,,415000,2025-05-05,,,,593,40.744569,-74.045741,2,250,,0.435654692297833,SUMMIT AVE AT MANHATTAN AVE,bus,40.743688,-74.053961,"Jersey City, NJ"
https://www.realtor.com/realestateandhomes-detail/6748219411,HCNJ,250006720,FOR_SALE,SINGLE_FAMILY,205 Orient Ave,,Jersey City,NJ,07305,4,1,1,,,429000,2025-04-07,,,2287,,40.712986,-74.084877,,,,0.43584290419245136,WEST SIDE AVE AT CLENDENNY AVE,bus,40.71913,-74.082951,"Jersey City, NJ"
https://www.realtor.com/realestateandhomes-detail/9560919305,HCNJ,250005931,FOR_SALE,CONDOS,391 Central Ave,Apt 4,Jersey City,NJ,07307,2,1,,644,,425000,2025-03-27,,,,660,40.748245,-74.048164,2,300,,0.43752410175504464,SUMMIT AVE AT MANHATTAN AVE,bus,40.743688,-74.053961,"Jersey City, NJ"
https://www.realtor.com/realestateandhomes-detail/6582613351,BCNJ,25016986,FOR_SALE,CONDOS,43 Thorne St,Unit 1B,Jersey City,NJ,07307,2,2,,,,525000,2025-05-20,,,,,40.749077,-74.049564,,,1,0.4376324110916742,SUMMIT AVE AT MANHATTAN AVE,bus,40.743688,-74.053961,"Jersey City, NJ"
https://www.realtor.com/realestateandhomes-detail/5336145838,HCNJ,250007793,FOR_SALE,CONDOS,107 Kensington Ave,Unit 504B,Jersey City,NJ,07304,1,1,,720,,319000,2025-04-22,112000,2007-08-28,,443,40.723335,-74.076678,2,449,,0.43891331562402724,WEST SIDE AVE AT CLENDENNY AVE,bus,40.71913,-74.082951,"Jersey City, NJ"
https://www.realtor.com/realestateandhomes-detail/5119730035,HCNJ,250005738,FOR_SALE,CONDOS,37 Thorne St,Unit 2L,Jersey City,NJ,07307,2,2,,845,,535000,2025-03-25,,,,633,40.748979,-74.049316,2,290,,0.43899260252610905,SUMMIT AVE AT MANHATTAN AVE,bus,40.743688,-74.053961,"Jersey City, NJ"
https://www.realtor.com/realestateandhomes-detail/9967278989,HCNJ,250005991,FOR_SALE,CONDOS,3481 John F Kennedy Blvd,Unit 1B,Jersey City,NJ,07307,2,1,1,855,,465000,2025-03-28,,,,544,40.751026,-74.054359,2,300,,0.44061169643447085,JFK BLVD AT MANHATTAN AVE,bus,40.745209,-74.057822,"Jersey City, NJ"
https://www.realtor.com/realestateandhomes-detail/9480113593,HCNJ,250007723,FOR_SALE,CONDOS,93 Laidlaw Ave,Unit 1,Jersey City,NJ,07306,4,2,1,2012,,889000,2025-04-21,,,,442,40.737286,-74.053932,,,,0.4417571669259556,SUMMIT AVE AT MANHATTAN AVE,bus,40.743688,-74.053961,"Jersey City, NJ"
https://www.realtor.com/realestateandhomes-detail/9742761557,HCNJ,250009896,FOR_SALE,CONDOS,88 Terrace Ave,Unit 1,Jersey City,NJ,07307,3,2,,1295,,699000,2025-05-16,,,,540,40.749252,-74.058228,2,200,,0.44446206243616554,SUMMIT AVE AT MANHATTAN AVE,bus,40.743688,-74.053961,"Jersey City, NJ"
https://www.realtor.com/realestateandhomes-detail/5809417010,BCNJ,25012906,FOR_SALE,MULTI_FAMILY,104 Yale Ave,,Jersey City,NJ,07304,5,3,2,,,1060000,2025-04-23,85000,2001-08-13,,,40.717608,-74.091186,,,,0.4449189570622964,WEST SIDE AVE AT CLENDENNY AVE,bus,40.71913,-74.082951,"Jersey City, NJ"
https://www.realtor.com/realestateandhomes-detail/9687066050,HCNJ,250008457,FOR_SALE,CONDOS,101 Kensington Ave,Apt B3,Jersey City,NJ,07304,1,1,,542,,219000,2025-04-30,,,,404,40.723354,-74.076546,2,312,,0.44499411717552334,WEST SIDE AVE AT CLENDENNY AVE,bus,40.71913,-74.082951,"Jersey City, NJ"
https://www.realtor.com/realestateandhomes-detail/6382265930,BCNJ,25015128,FOR_SALE,SINGLE_FAMILY,118 Beacon Ave,,Jersey City,NJ,07306,3,2,1,,,799000,2025-05-07,440000,2016-06-10,,,40.737289,-74.055044,2,,1,0.4451909645072913,SUMMIT AVE AT MANHATTAN AVE,bus,40.743688,-74.053961,"Jersey City, NJ"
https://www.realtor.com/realestateandhomes-detail/9291388950,BCNJ,25006680,FOR_SALE,MULTI_FAMILY,5 Elm St,,Newark,NJ,07102,8,4,,,,899000,2025-05-23,,,,,40.730301,-74.171303,,,,0.44571523232975346,NEWARK PENN STATION,rail,40.734221,-74.164554,"Newark, NJ"
https://www.realtor.com/realestateandhomes-detail/9315982535,HCNJ,250007892,FOR_SALE,MULTI_FAMILY,104A Yale Ave,,Jersey City,NJ,07304,5,2,2,,,1060000,2025-04-23,,,1330,,40.717628,-74.091225,,,,0.44658654722426117,WEST SIDE AVE AT CLENDENNY AVE,bus,40.71913,-74.082951,"Jersey City, NJ"
https://www.realtor.com/realestateandhomes-detail/5044778688,HCNJ,250009098,FOR_SALE,CONDOS,1100 Adams St,Apt 303,Hoboken,NJ,07030,2,2,,1338,,1150000,2025-05-07,811000,2015-07-06,,859,40.751062,-74.033983,2,589,1,0.4473035374342874,NEW YORK AVE AT 8TH ST,bus,40.756899,-74.037691,"Hoboken, NJ"
https://www.realtor.com/realestateandhomes-detail/9798214601,HCNJ,250005722,FOR_SALE,CONDOS,256 Webster Ave,Unit 1,Jersey City,NJ,07307,3,2,,1213,,699000,2025-03-25,,,,576,40.747135,-74.04406,,298,,0.4474086107692914,NEW YORK AVE AT 2ND ST,bus,40.752909,-74.040181,"Jersey City, NJ"
https://www.realtor.com/realestateandhomes-detail/9706512936,HCNJ,250005645,FOR_SALE,CONDOS,256 Webster Ave,Unit 3,Jersey City,NJ,07307,3,2,,1380,,775000,2025-03-24,,,,562,40.747135,-74.04406,,389,,0.4474086107692914,NEW YORK AVE AT 2ND ST,bus,40.752909,-74.040181,"Jersey City, NJ"
https://www.realtor.com/realestateandhomes-detail/5502368389,BCNJ,25012884,FOR_SALE,MULTI_FAMILY,3458 John F Kennedy Blvd,,Jersey City,NJ,07307,6,3,,,,999000,2025-04-21,155000,1999-06-03,,,40.750193,-74.054223,,,,0.4490728487201906,SUMMIT AVE AT MANHATTAN AVE,bus,40.743688,-74.053961,"Jersey City, NJ"
https://www.realtor.com/realestateandhomes-detail/6350104229,BCNJ,25012381,FOR_SALE,CONDOS,107 Kensington Ave,Unit 108,Jersey City,NJ,07304,2,1,1,,,339000,2025-04-16,210000,2009-05-07,,,40.723597,-74.076727,,,,0.4491934957312657,WEST SIDE AVE AT CLENDENNY AVE,bus,40.71913,-74.082951,"Jersey City, NJ"
https://www.realtor.com/realestateandhomes-detail/9667054817,HCNJ,250007014,FOR_SALE,MULTI_FAMILY,3458 Kennedy Family Blvd,Unit 2,Jersey City,NJ,07307,6,3,,,,999000,2025-04-10,,,,,40.750202,-74.054245,2,,,0.44973036258386345,SUMMIT AVE AT MANHATTAN AVE,bus,40.743688,-74.053961,"Jersey City, NJ"
https://www.realtor.com/realestateandhomes-detail/9978047738,HCNJ,250009167,FOR_SALE,CONDOS,107 Kensington Ave,Apt 104A,Jersey City,NJ,07304,0,,,933,,359000,2025-05-08,,,,385,40.72364,-74.076744,,,,0.4505887383876155,WEST SIDE AVE AT CLENDENNY AVE,bus,40.71913,-74.082951,"Jersey City, NJ"
https://www.realtor.com/realestateandhomes-detail/9922450543,BCNJ,25012219,FOR_SALE,CONDOS,42-44 Prospect St,Units 1C & 103,Jersey City,NJ,07307,3,2,,,,649000,2025-04-21,,,,,40.73819,-74.049316,,,,0.45095177884362403,SUMMIT AVE AT MANHATTAN AVE,bus,40.743688,-74.053961,"Jersey City, NJ"
https://www.realtor.com/realestateandhomes-detail/9765496416,GSNJ,3957936,FOR_SALE,CONDOS,42-44 Prospect St,Unit 103,Jersey City,NJ,07307,3,2,,1354,1930,649000,2025-04-22,,,4792,479,40.73819,-74.049316,,440,,0.45095177884362403,SUMMIT AVE AT MANHATTAN AVE,bus,40.743688,-74.053961,"Jersey City, NJ"
https://www.realtor.com/realestateandhomes-detail/9986444742,HCNJ,250009921,FOR_SALE,MULTI_FAMILY,204 Zabriskie St,,Jersey City,NJ,07307,7,5,,,,799000,2025-05-16,,,2747,,40.748875,-74.059219,,,,0.45193440412910607,SUMMIT AVE AT MANHATTAN AVE,bus,40.743688,-74.053961,"Jersey City, NJ"
https://www.realtor.com/realestateandhomes-detail/5487618932,HCNJ,250005881,FOR_SALE,CONDOS,82 Clinton St,Apt 3F,Hoboken,NJ,07030,2,2,,1065,,850000,2025-03-27,720000,2022-09-13,,798,40.737559,-74.035904,2,529,1,0.4530257579738175,HOBOKEN,rail,40.734843,-74.028046,"Hoboken, NJ"
https://www.realtor.com/realestateandhomes-detail/9968156254,HCNJ,250009140,FOR_SALE,CONDOS,3611 John F Kennedy Blvd,Unit 1,Jersey City,NJ,07307,4,4,,2741,,999000,2025-05-08,,,,364,40.754059,-74.048683,,,,0.45313182213337216,NEW YORK AVE AT 2ND ST,bus,40.752909,-74.040181,"Jersey City, NJ"
https://www.realtor.com/realestateandhomes-detail/9242139533,HCNJ,250009141,FOR_SALE,CONDOS,3611 John F Kennedy Blvd,Unit 2,Jersey City,NJ,07307,3,2,,1800,,899000,2025-05-08,,,,499,40.754059,-74.048683,,,,0.45313182213337216,NEW YORK AVE AT 2ND ST,bus,40.752909,-74.040181,"Jersey City, NJ"
https://www.realtor.com/realestateandhomes-detail/5223485452,HCNJ,250009713,FOR_SALE,CONDOS,86 Clinton St,Apt 4,Hoboken,NJ,07030,2,2,,1314,,980000,2025-05-15,655000,2006-02-16,,746,40.737788,-74.03581,2,418,,0.45536662741312806,HOBOKEN,rail,40.734843,-74.028046,"Hoboken, NJ"
https://www.realtor.com/realestateandhomes-detail/9456444068,HCNJ,250006823,FOR_SALE,CONDOS,360 Palisade Ave,Unit 4A,Jersey City,NJ,07307,2,2,1,1000,,599000,2025-04-08,,,,599,40.740882,-74.046036,,338,,0.4587814053269115,SUMMIT AVE AT MANHATTAN AVE,bus,40.743688,-74.053961,"Jersey City, NJ"
https://www.realtor.com/realestateandhomes-detail/9104952986,GSNJ,3964180,FOR_SALE,MULTI_FAMILY,8 Elm St,,Newark,NJ,07102,9,4,,,,988818,2025-05-20,,,2178,,40.73,-74.171326,3,,,0.4595507033899005,NEWARK PENN STATION,rail,40.734221,-74.164554,"Newark, NJ"
https://www.realtor.com/realestateandhomes-detail/9075793506,HCNJ,250009264,FOR_SALE,CONDOS,63 Jefferson Ave,Unit 1,Jersey City,NJ,07306,3,2,1,1200,,789000,2025-05-09,,,,658,40.737198,-74.051979,2,,,0.4597494393856287,SUMMIT AVE AT MANHATTAN AVE,bus,40.743688,-74.053961,"Jersey City, NJ"
https://www.realtor.com/realestateandhomes-detail/9230961439,HCNJ,250009265,FOR_SALE,CONDOS,63 Jefferson Ave,Unit 2,Jersey City,NJ,07306,3,2,1,1200,,739000,2025-05-09,,,,616,40.737198,-74.051979,2,,,0.4597494393856287,SUMMIT AVE AT MANHATTAN AVE,bus,40.743688,-74.053961,"Jersey City, NJ"
https://www.realtor.com/realestateandhomes-detail/5344692516,HCNJ,250008001,FOR_SALE,CONDOS,138 Kensington Ave,Unit 3,Jersey City,NJ,07304,3,2,,2173,,899000,2025-04-24,565000,2017-05-12,,414,40.724295,-74.077362,,651,,0.4616390599415567,WEST SIDE AVE AT CLENDENNY AVE,bus,40.71913,-74.082951,"Jersey City, NJ"
https://www.realtor.com/realestateandhomes-detail/9021212973,HCNJ,250005890,FOR_SALE,SINGLE_FAMILY,3459 Kennedy Blvd,,Jersey City,NJ,07307,4,2,,1454,,849000,2025-03-27,,,1653,584,40.750366,-74.054817,,,,0.46298422535941125,SUMMIT AVE AT MANHATTAN AVE,bus,40.743688,-74.053961,"Jersey City, NJ"
https://www.realtor.com/realestateandhomes-detail/5976139762,HCNJ,250009263,FOR_SALE,MULTI_FAMILY,63 Jefferson Ave,,Jersey City,NJ,07306,6,4,2,,,1575000,2025-05-09,750000,2025-01-10,,,40.737138,-74.052026,2,,1,0.46323615054456013,SUMMIT AVE AT MANHATTAN AVE,bus,40.743688,-74.053961,"Jersey City, NJ"
https://www.realtor.com/realestateandhomes-detail/6932391031,BCNJ,25015343,FOR_SALE,MULTI_FAMILY,132 Kensington Ave,,Jersey City,NJ,07304,6,4,,,,945000,2025-05-09,630000,2016-10-05,,,40.724196,-74.077138,,,,0.4640337667262159,WEST SIDE AVE AT CLENDENNY AVE,bus,40.71913,-74.082951,"Jersey City, NJ"
https://www.realtor.com/realestateandhomes-detail/6067903737,HCNJ,250007790,FOR_SALE,MULTI_FAMILY,21 Floyd St,,Jersey City,NJ,07306,0,,,,,1399000,2025-04-22,253000,1989-05-19,2500,,40.741052,-74.062108,,,3,0.4646532120441077,SUMMIT AVE AT MANHATTAN AVE,bus,40.743688,-74.053961,"Jersey City, NJ"
https://www.realtor.com/realestateandhomes-detail/9063562301,HCNJ,250005605,FOR_SALE,CONDOS,100 Leonard St,Apt 1L,Jersey City,NJ,07307,2,1,,689,,400000,2025-03-24,,,,581,40.756577,-74.047646,,362,,0.4663637384652596,NEW YORK AVE AT 2ND ST,bus,40.752909,-74.040181,"Jersey City, NJ"
https://www.realtor.com/realestateandhomes-detail/5760812928,HCNJ,250007383,FOR_SALE,CONDOS,209 Webster Ave,Apt 2L,Jersey City,NJ,07307,1,1,,568,,325000,2025-04-15,,,,572,40.745733,-74.045473,,329,,0.46726960093401854,SUMMIT AVE AT MANHATTAN AVE,bus,40.743688,-74.053961,"Jersey City, NJ"
https://www.realtor.com/realestateandhomes-detail/6843605702,HCNJ,250006884,FOR_SALE,CONDOS,419 Palisade Ave,Apt 2,Jersey City,NJ,07307,2,1,,600,,465000,2025-04-09,,,,775,40.743034,-74.045079,2,,,0.46831944196322517,SUMMIT AVE AT MANHATTAN AVE,bus,40.743688,-74.053961,"Jersey City, NJ"
https://www.realtor.com/realestateandhomes-detail/6467522271,HCNJ,250009071,FOR_SALE,CONDOS,126 Delaware Ave,Unit 10,Jersey City,NJ,07306,2,1,,1015,,549000,2025-05-07,,,,541,40.725176,-74.078874,2,465,,0.46888905963828276,WEST SIDE AVE AT CLENDENNY AVE,bus,40.71913,-74.082951,"Jersey City, NJ"
https://www.realtor.com/realestateandhomes-detail/9285305936,HCNJ,250007834,FOR_SALE,CONDOS,93 Terrace Ave,Unit 2,Jersey City,NJ,07307,3,2,,,,875000,2025-04-23,,,,,40.749588,-74.058479,,,1,0.471125612564293,SUMMIT AVE AT MANHATTAN AVE,bus,40.743688,-74.053961,"Jersey City, NJ"
https://www.realtor.com/realestateandhomes-detail/9703142800,HCNJ,250007755,FOR_SALE,CONDOS,93 Terrace Ave,Unit 1,Jersey City,NJ,07307,4,3,1,,,888888,2025-04-22,,,,,40.749588,-74.058479,2,,1,0.471125612564293,SUMMIT AVE AT MANHATTAN AVE,bus,40.743688,-74.053961,"Jersey City, NJ"
https://www.realtor.com/realestateandhomes-detail/6685509693,HCNJ,250008599,FOR_SALE,CONDOS,104 Poplar St,Unit 1,Jersey City,NJ,07307,3,2,1,1803,,925000,2025-05-01,,,,513,40.755387,-74.048645,,,1,0.4759092271903563,NEW YORK AVE AT 2ND ST,bus,40.752909,-74.040181,"Jersey City, NJ"
https://www.realtor.com/realestateandhomes-detail/9241542612,HCNJ,250010264,FOR_SALE,CONDOS,314 Palisade Ave,Apt 3,Jersey City,NJ,07307,3,1,,1106,,710000,2025-05-22,455000,2018-08-27,,642,40.739191,-74.047043,,228,,0.4776127133945177,SUMMIT AVE AT MANHATTAN AVE,bus,40.743688,-74.053961,"Jersey City, NJ"
https://www.realtor.com/realestateandhomes-detail/9798843672,HCNJ,250009902,FOR_SALE,MULTI_FAMILY,73 Laidlaw Ave,,Jersey City,NJ,07306,8,4,,,,999000,2025-05-16,,,2220,,40.736794,-74.053009,,,2,0.4783205711845753,SUMMIT AVE AT MANHATTAN AVE,bus,40.743688,-74.053961,"Jersey City, NJ"
https://www.realtor.com/realestateandhomes-detail/9025350030,HCNJ,250010342,FOR_SALE,CONDOS,103 Poplar St,Apt 1,Jersey City,NJ,07307,3,2,1,1200,,971000,2025-05-22,,,,809,40.755127,-74.048866,2,,,0.48074128051225584,NEW YORK AVE AT 2ND ST,bus,40.752909,-74.040181,"Jersey City, NJ"
https://www.realtor.com/realestateandhomes-detail/9334099039,HCNJ,250010343,FOR_SALE,CONDOS,103 Poplar St,Apt 2,Jersey City,NJ,07307,3,2,,1205,,941000,2025-05-22,,,,781,40.755127,-74.048866,2,,,0.48074128051225584,NEW YORK AVE AT 2ND ST,bus,40.752909,-74.040181,"Jersey City, NJ"
https://www.realtor.com/realestateandhomes-detail/9803699011,HCNJ,250010345,FOR_SALE,SINGLE_FAMILY,103 Poplar St,,Jersey City,NJ,07307,2,2,1,,,499000,2025-05-22,,,,,40.755127,-74.048866,,,,0.48074128051225584,NEW YORK AVE AT 2ND ST,bus,40.752909,-74.040181,"Jersey City, NJ"
https://www.realtor.com/realestateandhomes-detail/9824629236,HCNJ,250007961,FOR_SALE,MULTI_FAMILY,226 Grant Ave,,Jersey City,NJ,07305,6,3,,,,549000,2025-04-24,,,2425,,40.712578,-74.086067,2,,,0.4807930079587084,WEST SIDE AVE AT CLENDENNY AVE,bus,40.71913,-74.082951,"Jersey City, NJ"
https://www.realtor.com/realestateandhomes-detail/9668260738,HCNJ,250009136,FOR_SALE,CONDOS,97 Irving St,Unit 2,Jersey City,NJ,07307,3,2,,1450,,925000,2025-05-08,,,,638,40.75441,-74.049141,,,,0.48143416969915837,NEW YORK AVE AT 2ND ST,bus,40.752909,-74.040181,"Jersey City, NJ"
https://www.realtor.com/realestateandhomes-detail/9452096684,HCNJ,250009137,FOR_SALE,CONDOS,97 Irving St,Unit 1,Jersey City,NJ,07307,3,2,1,1800,,975000,2025-05-08,,,,542,40.75441,-74.049141,,,,0.48143416969915837,NEW YORK AVE AT 2ND ST,bus,40.752909,-74.040181,"Jersey City, NJ"
https://www.realtor.com/realestateandhomes-detail/6051565663,HCNJ,250008586,FOR_SALE,CONDOS,81 Grand St,Apt 4B,Hoboken,NJ,07030,1,1,,738,,599000,2025-05-01,510000,2019-04-04,,812,40.737753,-74.036399,2,394,1,0.4822188331580419,HOBOKEN,rail,40.734843,-74.028046,"Hoboken, NJ"
https://www.realtor.com/realestateandhomes-detail/5547413650,HCNJ,250009138,FOR_SALE,CONDOS,97 Irving St,Unit Rear,Jersey City,NJ,07307,1,1,1,665,,450000,2025-05-08,100000,1995-11-27,,677,40.754361,-74.049171,,,,0.4822580215481072,NEW YORK AVE AT 2ND ST,bus,40.752909,-74.040181,"Jersey City, NJ"
https://www.realtor.com/realestateandhomes-detail/6312756019,HCNJ,250006769,FOR_SALE,SINGLE_FAMILY,481 Martin Luther King Jr Dr,,Jersey City,NJ,07304,3,1,1,,,359000,2025-04-07,,,,,40.714459,-74.075903,,,,0.4907243845261223,WEST SIDE AVE AT CLENDENNY AVE,bus,40.71913,-74.082951,"Jersey City, NJ"
https://www.realtor.com/realestateandhomes-detail/6549546600,HCNJ,250007559,FOR_SALE,CONDOS,226 Willow Ave,Unit 5,Hoboken,NJ,07030,2,2,,1040,,800000,2025-04-17,670000,2020-09-09,,769,40.740354,-74.03397,2,308,,0.49120575808345834,HOBOKEN,rail,40.734843,-74.028046,"Hoboken, NJ"
https://www.realtor.com/realestateandhomes-detail/9995942191,HCNJ,250006318,FOR_SALE,MULTI_FAMILY,151 South St,,Jersey City,NJ,07307,6,4,,,,1100000,2025-04-02,,,3000,,40.749756,-74.049019,,,,0.4925231199693239,SUMMIT AVE AT MANHATTAN AVE,bus,40.743688,-74.053961,"Jersey City, NJ"
https://www.realtor.com/realestateandhomes-detail/9512768148,HCNJ,250008984,FOR_SALE,CONDOS,217 Jewett Ave,Unit 2,Jersey City,NJ,07304,3,2,,1396,,650000,2025-05-06,,,,466,40.723876,-74.075916,2,214,,0.49360866827994976,WEST SIDE AVE AT CLENDENNY AVE,bus,40.71913,-74.082951,"Jersey City, NJ"
https://www.realtor.com/realestateandhomes-detail/9815257730,HCNJ,250009857,FOR_SALE,CONDOS,109 Poplar St,Unit 1,Jersey City,NJ,07307,3,2,1,1627,,825000,2025-05-16,,,,507,40.755155,-74.049138,,,,0.49489378220597596,NEW YORK AVE AT 2ND ST,bus,40.752909,-74.040181,"Jersey City, NJ"
https://www.realtor.com/realestateandhomes-detail/9223824901,HCNJ,250007844,FOR_SALE,CONDOS,11 Cuneo Pl,Apt 1D,Jersey City,NJ,07307,2,1,,850,,525000,2025-04-23,,,,618,40.738529,-74.047363,2,278,,0.4966262250894814,SUMMIT AVE AT MANHATTAN AVE,bus,40.743688,-74.053961,"Jersey City, NJ"
https://www.realtor.com/realestateandhomes-detail/6688033843,HCNJ,250006291,FOR_SALE,CONDOS,215 Clinton St,Apt 2L,Hoboken,NJ,07030,1,1,,607,,550000,2025-04-02,370000,2012-10-23,,906,40.740059,-74.034594,,385,,0.4976500823332886,HOBOKEN,rail,40.734843,-74.028046,"Hoboken, NJ"
https://www.realtor.com/realestateandhomes-detail/6608237342,HCNJ,250008722,FOR_SALE,CONDOS,11 Cuneo Pl,Apt 3D,Jersey City,NJ,07307,2,1,,850,,475000,2025-05-02,,,,559,40.73852,-74.047333,2,340,,0.49816973379745455,SUMMIT AVE AT MANHATTAN AVE,bus,40.743688,-74.053961,"Jersey City, NJ"
https://www.realtor.com/realestateandhomes-detail/6747472166,HCNJ,250008560,FOR_SALE,CONDOS,11 Cuneo Pl,Unit D,Jersey City,NJ,07307,2,1,,717,,349000,2025-05-01,,,,487,40.738425,-74.04744,2,287,,0.4990151153450916,SUMMIT AVE AT MANHATTAN AVE,bus,40.743688,-74.053961,"Jersey City, NJ"
https://www.realtor.com/realestateandhomes-detail/5059793133,HCNJ,250009515,FOR_SALE,CONDOS,245 Ogden Ave,Unit 2,Jersey City,NJ,07307,2,2,1,1715,,1150000,2025-05-13,820000,2019-01-22,,671,40.74237,-74.044606,2,275,2,0.4993184739339371,SUMMIT AVE AT MANHATTAN AVE,bus,40.743688,-74.053961,"Jersey City, NJ"
